"","Lat","Long","Cidade","Data","Precipitacao"
"1",-23.5,-46.61,"sao_paulo_santana-sp",2018-01-01,244.3
"2",-23.5,-46.61,"sao_paulo_santana-sp",2019-01-01,305.9
"3",-23.5,-46.61,"sao_paulo_santana-sp",2018-02-01,102.2
"4",-23.5,-46.61,"sao_paulo_santana-sp",2019-02-01,323.2
"5",-23.5,-46.61,"sao_paulo_santana-sp",2018-03-01,220.5
"6",-23.5,-46.61,"sao_paulo_santana-sp",2019-03-01,239.6
"7",-23.5,-46.61,"sao_paulo_santana-sp",2018-04-01,28
"8",-23.5,-46.61,"sao_paulo_santana-sp",2018-05-01,10.8
"9",-23.5,-46.61,"sao_paulo_santana-sp",2018-06-01,12.7
"10",-23.5,-46.61,"sao_paulo_santana-sp",2018-07-01,24.2
"11",-23.5,-46.61,"sao_paulo_santana-sp",2018-08-01,48.8
"12",-23.5,-46.61,"sao_paulo_santana-sp",2018-09-01,72.8
"13",-23.5,-46.61,"sao_paulo_santana-sp",2018-10-01,121
"14",-23.5,-46.61,"sao_paulo_santana-sp",2018-11-01,101.7
"15",-23.5,-46.61,"sao_paulo_santana-sp",2018-12-01,191.1
"16",-23.48,-47.43,"sorocaba-sp",2018-01-01,170.5
"17",-23.48,-47.43,"sorocaba-sp",2019-01-01,0
"18",-23.48,-47.43,"sorocaba-sp",2018-02-01,9.3
"19",-23.48,-47.43,"sorocaba-sp",2019-02-01,206.2
"20",-23.48,-47.43,"sorocaba-sp",2018-03-01,203.1
"21",-23.48,-47.43,"sorocaba-sp",2019-03-01,60.1
"22",-23.48,-47.43,"sorocaba-sp",2018-04-01,43.5
"23",-23.48,-47.43,"sorocaba-sp",2018-05-01,14.5
"24",-23.48,-47.43,"sorocaba-sp",2018-06-01,20.6
"25",-23.48,-47.43,"sorocaba-sp",2018-07-01,10.1
"26",-23.48,-47.43,"sorocaba-sp",2018-08-01,58.5
"27",-23.48,-47.43,"sorocaba-sp",2018-09-01,77
"28",-23.48,-47.43,"sorocaba-sp",2018-10-01,135.4
"29",-23.48,-47.43,"sorocaba-sp",2018-11-01,98.3
"30",-23.48,-47.43,"sorocaba-sp",2018-12-01,106.6
"31",-22.75,-45.6,"campos_do_jordao-mg",2019-01-01,200.3
"32",-22.75,-45.6,"campos_do_jordao-mg",2019-02-01,281.7
"33",-22.75,-45.6,"campos_do_jordao-mg",2018-03-01,52.3
"34",-22.75,-45.6,"campos_do_jordao-mg",2019-03-01,222.5
"35",-22.75,-45.6,"campos_do_jordao-mg",2018-04-01,65.8
"36",-22.75,-45.6,"campos_do_jordao-mg",2018-05-01,21.3
"37",-22.75,-45.6,"campos_do_jordao-mg",2018-06-01,19.5
"38",-22.75,-45.6,"campos_do_jordao-mg",2018-07-01,14
"39",-22.75,-45.6,"campos_do_jordao-mg",2018-08-01,123
"40",-22.75,-45.6,"campos_do_jordao-mg",2018-09-01,94.9
"41",-22.75,-45.6,"campos_do_jordao-mg",2018-10-01,114.9
"42",-22.75,-45.6,"campos_do_jordao-mg",2018-11-01,223.1
"43",-22.75,-45.6,"campos_do_jordao-mg",2018-12-01,281.1
"44",-22.45,-44.44,"resende-rj",2018-01-01,250.1
"45",-22.45,-44.44,"resende-rj",2019-01-01,218.6
"46",-22.45,-44.44,"resende-rj",2018-02-01,235.3
"47",-22.45,-44.44,"resende-rj",2019-02-01,261.3
"48",-22.45,-44.44,"resende-rj",2018-03-01,232.7
"49",-22.45,-44.44,"resende-rj",2019-03-01,216.3
"50",-22.45,-44.44,"resende-rj",2018-04-01,120.1
"51",-22.45,-44.44,"resende-rj",2018-05-01,24.9
"52",-22.45,-44.44,"resende-rj",2018-06-01,49.5
"53",-22.45,-44.44,"resende-rj",2018-07-01,11.2
"54",-22.45,-44.44,"resende-rj",2018-08-01,67.6
"55",-22.45,-44.44,"resende-rj",2018-09-01,54
"56",-22.45,-44.44,"resende-rj",2018-10-01,105.4
"57",-22.45,-44.44,"resende-rj",2018-11-01,256
"58",-22.45,-44.44,"resende-rj",2018-12-01,199
"59",-22.35,-43.41,"avelar-rj",2018-01-01,238.1
"60",-22.35,-43.41,"avelar-rj",2019-01-01,139.5
"61",-22.35,-43.41,"avelar-rj",2018-02-01,164.7
"62",-22.35,-43.41,"avelar-rj",2019-02-01,210.1
"63",-22.35,-43.41,"avelar-rj",2018-03-01,94
"64",-22.35,-43.41,"avelar-rj",2019-03-01,121.6
"65",-22.35,-43.41,"avelar-rj",2018-04-01,36.3
"66",-22.35,-43.41,"avelar-rj",2018-05-01,70.8
"67",-22.35,-43.41,"avelar-rj",2018-06-01,1
"68",-22.35,-43.41,"avelar-rj",2018-07-01,6.8
"69",-22.35,-43.41,"avelar-rj",2018-08-01,58.4
"70",-22.35,-43.41,"avelar-rj",2018-09-01,70.1
"71",-22.35,-43.41,"avelar-rj",2018-10-01,27.8
"72",-22.35,-43.41,"avelar-rj",2018-11-01,171.1
"73",-22.35,-43.41,"avelar-rj",2018-12-01,54.6
"74",-22.1,-45.01,"sao_lourenco-mg",2018-01-01,315.2
"75",-22.1,-45.01,"sao_lourenco-mg",2019-01-01,91.5
"76",-22.1,-45.01,"sao_lourenco-mg",2018-02-01,130.9
"77",-22.1,-45.01,"sao_lourenco-mg",2019-02-01,199.4
"78",-22.1,-45.01,"sao_lourenco-mg",2018-03-01,153.5
"79",-22.1,-45.01,"sao_lourenco-mg",2019-03-01,198.6
"80",-22.1,-45.01,"sao_lourenco-mg",2018-04-01,11.8
"81",-22.1,-45.01,"sao_lourenco-mg",2018-05-01,29.5
"82",-22.1,-45.01,"sao_lourenco-mg",2018-06-01,39.2
"83",-22.1,-45.01,"sao_lourenco-mg",2018-07-01,12.4
"84",-22.1,-45.01,"sao_lourenco-mg",2018-08-01,69.1
"85",-22.1,-45.01,"sao_lourenco-mg",2018-09-01,68.7
"86",-22.1,-45.01,"sao_lourenco-mg",2018-10-01,233.3
"87",-22.1,-45.01,"sao_lourenco-mg",2018-11-01,137.9
"88",-22.1,-45.01,"sao_lourenco-mg",2018-12-01,178.3
"89",-22.02,-42.36,"cordeiro-rj",2018-01-01,0
"90",-22.02,-42.36,"cordeiro-rj",2019-01-01,0
"91",-22.02,-42.36,"cordeiro-rj",2018-02-01,212.8
"92",-22.02,-42.36,"cordeiro-rj",2019-02-01,135.5
"93",-22.02,-42.36,"cordeiro-rj",2018-03-01,197.6
"94",-22.02,-42.36,"cordeiro-rj",2019-03-01,111.4
"95",-22.02,-42.36,"cordeiro-rj",2018-04-01,145.2
"96",-22.02,-42.36,"cordeiro-rj",2018-05-01,18.7
"97",-22.02,-42.36,"cordeiro-rj",2018-06-01,8
"98",-22.02,-42.36,"cordeiro-rj",2018-07-01,18.1
"99",-22.02,-42.36,"cordeiro-rj",2018-08-01,70.9
"100",-22.02,-42.36,"cordeiro-rj",2018-09-01,83.8
"101",-22.02,-42.36,"cordeiro-rj",2018-10-01,91.1
"102",-22.02,-42.36,"cordeiro-rj",2018-11-01,175.4
"103",-22.02,-42.36,"cordeiro-rj",2018-12-01,169.1
"104",-21.96,-47.86,"sao_carlos-sp",2018-01-01,172.3
"105",-21.96,-47.86,"sao_carlos-sp",2019-01-01,125.6
"106",-21.96,-47.86,"sao_carlos-sp",2018-02-01,127.9
"107",-21.96,-47.86,"sao_carlos-sp",2019-02-01,141.8
"108",-21.96,-47.86,"sao_carlos-sp",2018-03-01,127.3
"109",-21.96,-47.86,"sao_carlos-sp",2019-03-01,106.2
"110",-21.96,-47.86,"sao_carlos-sp",2018-04-01,3.6
"111",-21.96,-47.86,"sao_carlos-sp",2018-05-01,8.2
"112",-21.96,-47.86,"sao_carlos-sp",2018-06-01,0.1
"113",-21.96,-47.86,"sao_carlos-sp",2018-07-01,3.4
"114",-21.96,-47.86,"sao_carlos-sp",2018-08-01,80.4
"115",-21.96,-47.86,"sao_carlos-sp",2018-09-01,41.3
"116",-21.96,-47.86,"sao_carlos-sp",2018-10-01,238.7
"117",-21.96,-47.86,"sao_carlos-sp",2018-11-01,84.8
"118",-21.96,-47.86,"sao_carlos-sp",2018-12-01,24.3
"119",-21.76,-43.36,"juiz_de_fora-mg",2018-01-01,263.7
"120",-21.76,-43.36,"juiz_de_fora-mg",2019-01-01,84.3
"121",-21.76,-43.36,"juiz_de_fora-mg",2018-02-01,263.7
"122",-21.76,-43.36,"juiz_de_fora-mg",2019-02-01,244.3
"123",-21.76,-43.36,"juiz_de_fora-mg",2018-03-01,248.9
"124",-21.76,-43.36,"juiz_de_fora-mg",2019-03-01,149.1
"125",-21.76,-43.36,"juiz_de_fora-mg",2018-04-01,95.2
"126",-21.76,-43.36,"juiz_de_fora-mg",2018-05-01,15.1
"127",-21.76,-43.36,"juiz_de_fora-mg",2018-06-01,19.2
"128",-21.76,-43.36,"juiz_de_fora-mg",2018-07-01,12.8
"129",-21.76,-43.36,"juiz_de_fora-mg",2018-08-01,66.1
"130",-21.76,-43.36,"juiz_de_fora-mg",2018-09-01,76.7
"131",-21.76,-43.36,"juiz_de_fora-mg",2018-10-01,85.9
"132",-21.76,-43.36,"juiz_de_fora-mg",2018-11-01,225.7
"133",-21.76,-43.36,"juiz_de_fora-mg",2018-12-01,381
"134",-21.75,-45,"lavras-mg",2018-01-01,240.2
"135",-21.75,-45,"lavras-mg",2019-01-01,143.6
"136",-21.75,-45,"lavras-mg",2018-02-01,85.5
"137",-21.75,-45,"lavras-mg",2019-02-01,195.7
"138",-21.75,-45,"lavras-mg",2018-03-01,59.4
"139",-21.75,-45,"lavras-mg",2019-03-01,221.6
"140",-21.75,-45,"lavras-mg",2018-04-01,3.2
"141",-21.75,-45,"lavras-mg",2018-05-01,10.3
"142",-21.75,-45,"lavras-mg",2018-06-01,19.9
"143",-21.75,-45,"lavras-mg",2018-07-01,0.2
"144",-21.75,-45,"lavras-mg",2018-08-01,66.1
"145",-21.75,-45,"lavras-mg",2018-09-01,52.6
"146",-21.75,-45,"lavras-mg",2018-10-01,201.3
"147",-21.75,-45,"lavras-mg",2018-11-01,223.5
"148",-21.75,-45,"lavras-mg",2018-12-01,323.2
"149",-21.74,-41.33,"campos-rj",2018-01-01,70.4
"150",-21.74,-41.33,"campos-rj",2019-01-01,0
"151",-21.74,-41.33,"campos-rj",2018-02-01,89
"152",-21.74,-41.33,"campos-rj",2019-02-01,76
"153",-21.74,-41.33,"campos-rj",2018-03-01,376.5
"154",-21.74,-41.33,"campos-rj",2019-03-01,108.8
"155",-21.74,-41.33,"campos-rj",2018-04-01,54.8
"156",-21.74,-41.33,"campos-rj",2018-05-01,78.8
"157",-21.74,-41.33,"campos-rj",2018-06-01,2.6
"158",-21.74,-41.33,"campos-rj",2018-07-01,13
"159",-21.74,-41.33,"campos-rj",2018-08-01,99
"160",-21.74,-41.33,"campos-rj",2018-09-01,30.2
"161",-21.74,-41.33,"campos-rj",2018-10-01,89
"162",-21.74,-41.33,"campos-rj",2018-11-01,138.7
"163",-21.74,-41.33,"campos-rj",2018-12-01,67.6
"164",-21.68,-45.94,"machado-mg",2018-01-01,161.4
"165",-21.68,-45.94,"machado-mg",2019-01-01,139.8
"166",-21.68,-45.94,"machado-mg",2018-02-01,113.8
"167",-21.68,-45.94,"machado-mg",2019-02-01,174.4
"168",-21.68,-45.94,"machado-mg",2018-03-01,134.4
"169",-21.68,-45.94,"machado-mg",2019-03-01,150.9
"170",-21.68,-45.94,"machado-mg",2018-04-01,27.2
"171",-21.68,-45.94,"machado-mg",2018-05-01,86.4
"172",-21.68,-45.94,"machado-mg",2018-06-01,31.2
"173",-21.68,-45.94,"machado-mg",2018-07-01,10.2
"174",-21.68,-45.94,"machado-mg",2018-08-01,67
"175",-21.68,-45.94,"machado-mg",2018-09-01,87.1
"176",-21.68,-45.94,"machado-mg",2018-10-01,177.7
"177",-21.68,-45.94,"machado-mg",2018-11-01,249.3
"178",-21.68,-45.94,"machado-mg",2018-12-01,262.2
"179",-21.48,-47.55,"sao_simao-sp",2018-01-01,256.4
"180",-21.48,-47.55,"sao_simao-sp",2019-01-01,67.7
"181",-21.48,-47.55,"sao_simao-sp",2018-02-01,133.2
"182",-21.48,-47.55,"sao_simao-sp",2019-02-01,309
"183",-21.48,-47.55,"sao_simao-sp",2018-03-01,149
"184",-21.48,-47.55,"sao_simao-sp",2019-03-01,147.1
"185",-21.48,-47.55,"sao_simao-sp",2018-04-01,17.2
"186",-21.48,-47.55,"sao_simao-sp",2018-05-01,17.6
"187",-21.48,-47.55,"sao_simao-sp",2018-06-01,17.4
"188",-21.48,-47.55,"sao_simao-sp",2018-07-01,2.4
"189",-21.48,-47.55,"sao_simao-sp",2018-08-01,40.2
"190",-21.48,-47.55,"sao_simao-sp",2018-09-01,76.1
"191",-21.48,-47.55,"sao_simao-sp",2018-10-01,150.2
"192",-21.48,-47.55,"sao_simao-sp",2018-11-01,252.3
"193",-21.48,-47.55,"sao_simao-sp",2018-12-01,134.6
"194",-21.25,-43.76,"barbacena-mg",2018-01-01,218.6
"195",-21.25,-43.76,"barbacena-mg",2018-02-01,127.3
"196",-21.25,-43.76,"barbacena-mg",2018-03-01,188.6
"197",-21.25,-43.76,"barbacena-mg",2018-04-01,5.6
"198",-21.25,-43.76,"barbacena-mg",2018-05-01,6.2
"199",-21.2,-41.9,"itaperuna-rj",2018-01-01,217.3
"200",-21.2,-41.9,"itaperuna-rj",2019-01-01,32.7
"201",-21.2,-41.9,"itaperuna-rj",2018-02-01,119.3
"202",-21.2,-41.9,"itaperuna-rj",2019-02-01,154
"203",-21.2,-41.9,"itaperuna-rj",2018-03-01,236.7
"204",-21.2,-41.9,"itaperuna-rj",2019-03-01,167.4
"205",-21.2,-41.9,"itaperuna-rj",2018-04-01,64.6
"206",-21.2,-41.9,"itaperuna-rj",2018-05-01,14.3
"207",-21.2,-41.9,"itaperuna-rj",2018-06-01,16
"208",-21.2,-41.9,"itaperuna-rj",2018-07-01,43
"209",-21.2,-41.9,"itaperuna-rj",2018-08-01,52
"210",-21.2,-41.9,"itaperuna-rj",2018-09-01,60.8
"211",-21.2,-41.9,"itaperuna-rj",2018-10-01,87.7
"212",-21.2,-41.9,"itaperuna-rj",2018-11-01,144.5
"213",-21.2,-41.9,"itaperuna-rj",2018-12-01,173.9
"214",-21.11,-48.93,"catanduva-sp",2018-01-01,278
"215",-21.11,-48.93,"catanduva-sp",2019-01-01,76.5
"216",-21.11,-48.93,"catanduva-sp",2018-02-01,92.5
"217",-21.11,-48.93,"catanduva-sp",2019-02-01,169.8
"218",-21.11,-48.93,"catanduva-sp",2018-03-01,99.9
"219",-21.11,-48.93,"catanduva-sp",2019-03-01,150.5
"220",-21.11,-48.93,"catanduva-sp",2018-04-01,8.2
"221",-21.11,-48.93,"catanduva-sp",2018-05-01,14.5
"222",-21.11,-48.93,"catanduva-sp",2018-06-01,1
"223",-21.11,-48.93,"catanduva-sp",2018-08-01,28.8
"224",-21.11,-48.93,"catanduva-sp",2018-09-01,55.7
"225",-21.11,-48.93,"catanduva-sp",2018-10-01,158.4
"226",-21.11,-48.93,"catanduva-sp",2018-11-01,170.3
"227",-21.11,-48.93,"catanduva-sp",2018-12-01,98.4
"228",-20.76,-42.86,"vicosa-mg",2018-01-01,1282
"229",-20.76,-42.86,"vicosa-mg",2018-02-01,1218
"230",-20.76,-42.86,"vicosa-mg",2018-03-01,359
"231",-20.58,-47.36,"franca-sp",2018-01-01,299.2
"232",-20.58,-47.36,"franca-sp",2019-01-01,128.1
"233",-20.58,-47.36,"franca-sp",2018-02-01,258.2
"234",-20.58,-47.36,"franca-sp",2019-02-01,269
"235",-20.58,-47.36,"franca-sp",2018-03-01,221.5
"236",-20.58,-47.36,"franca-sp",2019-03-01,286.1
"237",-20.58,-47.36,"franca-sp",2018-04-01,40.5
"238",-20.58,-47.36,"franca-sp",2018-05-01,22.7
"239",-20.58,-47.36,"franca-sp",2018-06-01,18.5
"240",-20.58,-47.36,"franca-sp",2018-07-01,2
"241",-20.58,-47.36,"franca-sp",2018-08-01,64.9
"242",-20.58,-47.36,"franca-sp",2018-09-01,62.5
"243",-20.58,-47.36,"franca-sp",2018-10-01,222.9
"244",-20.58,-47.36,"franca-sp",2018-11-01,429.2
"245",-20.58,-47.36,"franca-sp",2018-12-01,216.5
"246",-20.51,-41.9,"caparao-mg",2018-01-01,147.2
"247",-20.51,-41.9,"caparao-mg",2019-01-01,7.8
"248",-20.51,-41.9,"caparao-mg",2018-02-01,210.1
"249",-20.51,-41.9,"caparao-mg",2019-02-01,180.6
"250",-20.51,-41.9,"caparao-mg",2018-03-01,406.3
"251",-20.51,-41.9,"caparao-mg",2019-03-01,158.8
"252",-20.51,-41.9,"caparao-mg",2018-04-01,155.6
"253",-20.51,-41.9,"caparao-mg",2018-05-01,35.7
"254",-20.51,-41.9,"caparao-mg",2018-06-01,0
"255",-20.51,-41.9,"caparao-mg",2018-07-01,1.6
"256",-20.51,-41.9,"caparao-mg",2018-08-01,73
"257",-20.51,-41.9,"caparao-mg",2018-09-01,53.9
"258",-20.51,-41.9,"caparao-mg",2018-10-01,141.1
"259",-20.51,-41.9,"caparao-mg",2018-11-01,164.7
"260",-20.51,-41.9,"caparao-mg",2018-12-01,248.5
"261",-20.41,-49.98,"votuporanga-sp",2018-01-01,214.6
"262",-20.41,-49.98,"votuporanga-sp",2019-01-01,133.4
"263",-20.41,-49.98,"votuporanga-sp",2018-02-01,158
"264",-20.41,-49.98,"votuporanga-sp",2019-02-01,195.6
"265",-20.41,-49.98,"votuporanga-sp",2018-03-01,61.4
"266",-20.41,-49.98,"votuporanga-sp",2019-03-01,117.9
"267",-20.41,-49.98,"votuporanga-sp",2018-04-01,39.4
"268",-20.41,-49.98,"votuporanga-sp",2018-05-01,15
"269",-20.41,-49.98,"votuporanga-sp",2018-06-01,1
"270",-20.41,-49.98,"votuporanga-sp",2018-07-01,2
"271",-20.41,-49.98,"votuporanga-sp",2018-08-01,17
"272",-20.41,-49.98,"votuporanga-sp",2018-09-01,66.6
"273",-20.41,-49.98,"votuporanga-sp",2018-10-01,120.3
"274",-20.41,-49.98,"votuporanga-sp",2018-11-01,179.4
"275",-20.41,-49.98,"votuporanga-sp",2018-12-01,99.4
"276",-20.31,-40.31,"vitoria-es",2018-01-01,55.1
"277",-20.31,-40.31,"vitoria-es",2019-01-01,8.2
"278",-20.31,-40.31,"vitoria-es",2018-02-01,201.5
"279",-20.31,-40.31,"vitoria-es",2019-02-01,141.4
"280",-20.31,-40.31,"vitoria-es",2018-03-01,174.6
"281",-20.31,-40.31,"vitoria-es",2019-03-01,75.3
"282",-20.31,-40.31,"vitoria-es",2018-04-01,371.6
"283",-20.31,-40.31,"vitoria-es",2018-05-01,200.8
"284",-20.31,-40.31,"vitoria-es",2018-06-01,148.3
"285",-20.31,-40.31,"vitoria-es",2018-07-01,9.4
"286",-20.31,-40.31,"vitoria-es",2018-08-01,92.1
"287",-20.31,-40.31,"vitoria-es",2018-09-01,39.7
"288",-20.31,-40.31,"vitoria-es",2018-10-01,179.8
"289",-20.31,-40.31,"vitoria-es",2018-11-01,144.9
"290",-20.31,-40.31,"vitoria-es",2018-12-01,169.4
"291",-20.17,-44.87,"divinopolis-mg",2018-01-01,317
"292",-20.17,-44.87,"divinopolis-mg",2019-01-01,120.6
"293",-20.17,-44.87,"divinopolis-mg",2018-02-01,154.3
"294",-20.17,-44.87,"divinopolis-mg",2019-02-01,373.2
"295",-20.17,-44.87,"divinopolis-mg",2018-03-01,155.8
"296",-20.17,-44.87,"divinopolis-mg",2019-03-01,156.4
"297",-20.17,-44.87,"divinopolis-mg",2018-04-01,3
"298",-20.17,-44.87,"divinopolis-mg",2018-05-01,24.4
"299",-20.17,-44.87,"divinopolis-mg",2018-06-01,10.1
"300",-20.17,-44.87,"divinopolis-mg",2018-07-01,0
"301",-20.17,-44.87,"divinopolis-mg",2018-08-01,48
"302",-20.17,-44.87,"divinopolis-mg",2018-09-01,47.9
"303",-20.17,-44.87,"divinopolis-mg",2018-10-01,135.9
"304",-20.17,-44.87,"divinopolis-mg",2018-11-01,337.3
"305",-20.17,-44.87,"divinopolis-mg",2018-12-01,198.8
"306",-20.03,-45,"bambui-mg",2018-01-01,244.3
"307",-20.03,-45,"bambui-mg",2018-02-01,143.3
"308",-20.03,-45,"bambui-mg",2018-03-01,78.8
"309",-20.03,-45,"bambui-mg",2018-04-01,23.4
"310",-20.01,-44.05,"ibirite-mg",2018-01-01,103.7
"311",-20.01,-44.05,"ibirite-mg",2019-01-01,47.4
"312",-20.01,-44.05,"ibirite-mg",2018-02-01,140.2
"313",-20.01,-44.05,"ibirite-mg",2019-02-01,161.8
"314",-20.01,-44.05,"ibirite-mg",2018-03-01,169.6
"315",-20.01,-44.05,"ibirite-mg",2019-03-01,107.8
"316",-20.01,-44.05,"ibirite-mg",2018-04-01,16.9
"317",-20.01,-44.05,"ibirite-mg",2018-05-01,11.6
"318",-20.01,-44.05,"ibirite-mg",2018-06-01,0
"319",-20.01,-44.05,"ibirite-mg",2018-07-01,0
"320",-20.01,-44.05,"ibirite-mg",2018-08-01,39.2
"321",-20.01,-44.05,"ibirite-mg",2018-09-01,55
"322",-20.01,-44.05,"ibirite-mg",2018-10-01,180.8
"323",-20.01,-44.05,"ibirite-mg",2018-11-01,223.9
"324",-20.01,-44.05,"ibirite-mg",2018-12-01,220.4
"325",-19.93,-43.93,"belo_horizonte-mg",2018-01-01,166.5
"326",-19.93,-43.93,"belo_horizonte-mg",2019-01-01,88.6
"327",-19.93,-43.93,"belo_horizonte-mg",2018-02-01,213.1
"328",-19.93,-43.93,"belo_horizonte-mg",2019-02-01,223
"329",-19.93,-43.93,"belo_horizonte-mg",2018-03-01,391.3
"330",-19.93,-43.93,"belo_horizonte-mg",2019-03-01,135.9
"331",-19.93,-43.93,"belo_horizonte-mg",2018-04-01,13.4
"332",-19.93,-43.93,"belo_horizonte-mg",2018-05-01,19
"333",-19.93,-43.93,"belo_horizonte-mg",2018-06-01,0
"334",-19.93,-43.93,"belo_horizonte-mg",2018-07-01,3.1
"335",-19.93,-43.93,"belo_horizonte-mg",2018-08-01,39.7
"336",-19.93,-43.93,"belo_horizonte-mg",2018-09-01,44.4
"337",-19.93,-43.93,"belo_horizonte-mg",2018-10-01,187.1
"338",-19.93,-43.93,"belo_horizonte-mg",2018-11-01,260.6
"339",-19.93,-43.93,"belo_horizonte-mg",2018-12-01,282.8
"340",-19.88,-44.41,"florestal-mg",2018-01-01,177.4
"341",-19.88,-44.41,"florestal-mg",2018-02-01,292
"342",-19.88,-44.41,"florestal-mg",2018-03-01,175.6
"343",-19.88,-44.41,"florestal-mg",2018-04-01,7.4
"344",-19.88,-44.41,"florestal-mg",2018-05-01,19.8
"345",-19.73,-47.95,"uberaba-mg",2018-01-01,439.5
"346",-19.73,-47.95,"uberaba-mg",2018-02-01,252.6
"347",-19.73,-47.95,"uberaba-mg",2018-03-01,92.2
"348",-19.73,-47.95,"uberaba-mg",2018-04-01,132.8
"349",-19.73,-47.95,"uberaba-mg",2018-05-01,34.6
"350",-19.73,-47.95,"uberaba-mg",2018-06-01,0
"351",-19.73,-47.95,"uberaba-mg",2018-07-01,0
"352",-19.73,-47.95,"uberaba-mg",2018-08-01,29.6
"353",-19.73,-42.13,"caratinga-mg",2018-01-01,142.9
"354",-19.73,-42.13,"caratinga-mg",2019-01-01,39.1
"355",-19.73,-42.13,"caratinga-mg",2018-02-01,239.8
"356",-19.73,-42.13,"caratinga-mg",2019-02-01,196
"357",-19.73,-42.13,"caratinga-mg",2018-03-01,223.4
"358",-19.73,-42.13,"caratinga-mg",2019-03-01,32.4
"359",-19.73,-42.13,"caratinga-mg",2018-04-01,135.1
"360",-19.73,-42.13,"caratinga-mg",2018-05-01,35.2
"361",-19.73,-42.13,"caratinga-mg",2018-06-01,1.1
"362",-19.73,-42.13,"caratinga-mg",2018-07-01,1.1
"363",-19.73,-42.13,"caratinga-mg",2018-08-01,8.3
"364",-19.73,-42.13,"caratinga-mg",2018-09-01,35.3
"365",-19.73,-42.13,"caratinga-mg",2018-10-01,68.6
"366",-19.73,-42.13,"caratinga-mg",2018-11-01,85.4
"367",-19.73,-42.13,"caratinga-mg",2018-12-01,233.6
"368",-19.68,-45.36,"bom_despacho-mg",2018-01-01,23.4
"369",-19.68,-45.36,"bom_despacho-mg",2019-01-01,68.8
"370",-19.68,-45.36,"bom_despacho-mg",2018-02-01,270.1
"371",-19.68,-45.36,"bom_despacho-mg",2018-03-01,74.1
"372",-19.68,-45.36,"bom_despacho-mg",2018-04-01,7.4
"373",-19.68,-45.36,"bom_despacho-mg",2018-05-01,3.6
"374",-19.68,-45.36,"bom_despacho-mg",2018-06-01,3.6
"375",-19.68,-45.36,"bom_despacho-mg",2018-07-01,0
"376",-19.68,-45.36,"bom_despacho-mg",2018-08-01,52
"377",-19.68,-45.36,"bom_despacho-mg",2018-09-01,43.9
"378",-19.68,-45.36,"bom_despacho-mg",2018-10-01,127.1
"379",-19.68,-45.36,"bom_despacho-mg",2018-11-01,319
"380",-19.68,-45.36,"bom_despacho-mg",2018-12-01,100.8
"381",-19.6,-46.94,"araxa-mg",2018-01-01,173.2
"382",-19.6,-46.94,"araxa-mg",2019-01-01,161.4
"383",-19.6,-46.94,"araxa-mg",2018-02-01,257.6
"384",-19.6,-46.94,"araxa-mg",2019-02-01,366.1
"385",-19.6,-46.94,"araxa-mg",2018-03-01,74.6
"386",-19.6,-46.94,"araxa-mg",2019-03-01,157.4
"387",-19.6,-46.94,"araxa-mg",2018-04-01,157.1
"388",-19.6,-46.94,"araxa-mg",2018-05-01,20.8
"389",-19.6,-46.94,"araxa-mg",2018-06-01,0
"390",-19.6,-46.94,"araxa-mg",2018-07-01,0
"391",-19.6,-46.94,"araxa-mg",2018-08-01,19
"392",-19.6,-46.94,"araxa-mg",2018-09-01,86
"393",-19.6,-46.94,"araxa-mg",2018-10-01,200
"394",-19.6,-46.94,"araxa-mg",2018-11-01,437.8
"395",-19.6,-46.94,"araxa-mg",2018-12-01,212.4
"396",-19.02,-43.43,"c_do_mato_dentro-mg",2018-01-01,157
"397",-19.02,-43.43,"c_do_mato_dentro-mg",2019-01-01,6.3
"398",-19.02,-43.43,"c_do_mato_dentro-mg",2018-02-01,474.1
"399",-19.02,-43.43,"c_do_mato_dentro-mg",2019-02-01,232.6
"400",-19.02,-43.43,"c_do_mato_dentro-mg",2018-03-01,216
"401",-19.02,-43.43,"c_do_mato_dentro-mg",2019-03-01,142.5
"402",-19.02,-43.43,"c_do_mato_dentro-mg",2018-04-01,144.8
"403",-19.02,-43.43,"c_do_mato_dentro-mg",2018-05-01,9
"404",-19.02,-43.43,"c_do_mato_dentro-mg",2018-06-01,3.9
"405",-19.02,-43.43,"c_do_mato_dentro-mg",2018-07-01,0.2
"406",-19.02,-43.43,"c_do_mato_dentro-mg",2018-08-01,25.5
"407",-19.02,-43.43,"c_do_mato_dentro-mg",2018-09-01,89.9
"408",-19.02,-43.43,"c_do_mato_dentro-mg",2018-10-01,112.3
"409",-19.02,-43.43,"c_do_mato_dentro-mg",2018-11-01,183.4
"410",-19.02,-43.43,"c_do_mato_dentro-mg",2018-12-01,217.4
"411",-18.75,-44.45,"curvelo-mg",2018-01-01,169
"412",-18.75,-44.45,"curvelo-mg",2019-01-01,42.8
"413",-18.75,-44.45,"curvelo-mg",2018-02-01,274.2
"414",-18.75,-44.45,"curvelo-mg",2019-02-01,160.4
"415",-18.75,-44.45,"curvelo-mg",2018-03-01,181.2
"416",-18.75,-44.45,"curvelo-mg",2019-03-01,154.6
"417",-18.75,-44.45,"curvelo-mg",2018-04-01,45.5
"418",-18.75,-44.45,"curvelo-mg",2018-05-01,17.3
"419",-18.75,-44.45,"curvelo-mg",2018-06-01,0
"420",-18.75,-44.45,"curvelo-mg",2018-07-01,0
"421",-18.75,-44.45,"curvelo-mg",2018-08-01,1.4
"422",-18.75,-44.45,"curvelo-mg",2018-09-01,22.3
"423",-18.75,-44.45,"curvelo-mg",2018-10-01,112.8
"424",-18.75,-44.45,"curvelo-mg",2018-11-01,194.3
"425",-18.75,-44.45,"curvelo-mg",2018-12-01,284.1
"426",-18.71,-49.55,"capinopolis-mg",2018-01-01,385.4
"427",-18.71,-49.55,"capinopolis-mg",2018-02-01,155.2
"428",-18.71,-49.55,"capinopolis-mg",2018-03-01,66.5
"429",-18.71,-49.55,"capinopolis-mg",2018-04-01,105.5
"430",-18.71,-49.55,"capinopolis-mg",2018-05-01,9
"431",-18.71,-49.55,"capinopolis-mg",2018-06-01,0
"432",-18.7,-39.85,"sao_mateus-es",2018-01-01,45.1
"433",-18.7,-39.85,"sao_mateus-es",2019-01-01,14.2
"434",-18.7,-39.85,"sao_mateus-es",2018-02-01,205.2
"435",-18.7,-39.85,"sao_mateus-es",2019-02-01,36.8
"436",-18.7,-39.85,"sao_mateus-es",2018-03-01,90.2
"437",-18.7,-39.85,"sao_mateus-es",2019-03-01,135.2
"438",-18.7,-39.85,"sao_mateus-es",2018-04-01,181.2
"439",-18.7,-39.85,"sao_mateus-es",2018-05-01,189.4
"440",-18.7,-39.85,"sao_mateus-es",2018-06-01,48.3
"441",-18.7,-39.85,"sao_mateus-es",2018-07-01,0.2
"442",-18.7,-39.85,"sao_mateus-es",2018-08-01,115.8
"443",-18.7,-39.85,"sao_mateus-es",2018-09-01,30.2
"444",-18.7,-39.85,"sao_mateus-es",2018-10-01,151.1
"445",-18.7,-39.85,"sao_mateus-es",2018-11-01,238.9
"446",-18.7,-39.85,"sao_mateus-es",2018-12-01,230.3
"447",-18.51,-46.43,"patos_de_minas-mg",2018-01-01,194
"448",-18.51,-46.43,"patos_de_minas-mg",2018-02-01,104.5
"449",-18.51,-46.43,"patos_de_minas-mg",2018-03-01,179.2
"450",-18.51,-46.43,"patos_de_minas-mg",2018-04-01,43.6
"451",-18.51,-46.43,"patos_de_minas-mg",2018-05-01,20.5
"452",-18.23,-43.64,"diamantina-mg",2018-01-01,58.6
"453",-18.23,-43.64,"diamantina-mg",2019-01-01,62
"454",-18.23,-43.64,"diamantina-mg",2018-02-01,276.3
"455",-18.23,-43.64,"diamantina-mg",2019-02-01,166.1
"456",-18.23,-43.64,"diamantina-mg",2018-03-01,172.4
"457",-18.23,-43.64,"diamantina-mg",2019-03-01,111.2
"458",-18.23,-43.64,"diamantina-mg",2018-04-01,180.6
"459",-18.23,-43.64,"diamantina-mg",2018-05-01,23.9
"460",-18.23,-43.64,"diamantina-mg",2018-06-01,1.9
"461",-18.23,-43.64,"diamantina-mg",2018-07-01,2.5
"462",-18.23,-43.64,"diamantina-mg",2018-08-01,33.3
"463",-18.23,-43.64,"diamantina-mg",2018-09-01,20.2
"464",-18.23,-43.64,"diamantina-mg",2018-10-01,149.7
"465",-18.23,-43.64,"diamantina-mg",2018-11-01,222.6
"466",-18.23,-43.64,"diamantina-mg",2018-12-01,186.7
"467",-17.85,-42.85,"itamarandiba-mg",2018-01-01,116.8
"468",-17.85,-42.85,"itamarandiba-mg",2019-01-01,9.7
"469",-17.85,-42.85,"itamarandiba-mg",2018-02-01,355.6
"470",-17.85,-42.85,"itamarandiba-mg",2019-02-01,159.7
"471",-17.85,-42.85,"itamarandiba-mg",2018-03-01,93.2
"472",-17.85,-42.85,"itamarandiba-mg",2019-03-01,58.7
"473",-17.85,-42.85,"itamarandiba-mg",2018-04-01,34.1
"474",-17.85,-42.85,"itamarandiba-mg",2018-05-01,8.8
"475",-17.85,-42.85,"itamarandiba-mg",2018-06-01,2.9
"476",-17.85,-42.85,"itamarandiba-mg",2018-07-01,2.9
"477",-17.85,-42.85,"itamarandiba-mg",2018-08-01,26.5
"478",-17.85,-42.85,"itamarandiba-mg",2018-09-01,6.6
"479",-17.85,-42.85,"itamarandiba-mg",2018-10-01,108.8
"480",-17.85,-42.85,"itamarandiba-mg",2018-11-01,102.1
"481",-17.85,-42.85,"itamarandiba-mg",2018-12-01,106.3
"482",-17.53,-43,"carbonita-mg",2018-01-01,121.7
"483",-17.53,-43,"carbonita-mg",2019-01-01,2.4
"484",-17.53,-43,"carbonita-mg",2018-02-01,289.6
"485",-17.53,-43,"carbonita-mg",2019-02-01,144.3
"486",-17.53,-43,"carbonita-mg",2018-03-01,142.2
"487",-17.53,-43,"carbonita-mg",2019-03-01,31.5
"488",-17.53,-43,"carbonita-mg",2018-04-01,58.3
"489",-17.53,-43,"carbonita-mg",2018-05-01,8.2
"490",-17.53,-43,"carbonita-mg",2018-06-01,0
"491",-17.53,-43,"carbonita-mg",2018-07-01,1.5
"492",-17.53,-43,"carbonita-mg",2018-08-01,3.1
"493",-17.53,-43,"carbonita-mg",2018-09-01,12.7
"494",-17.53,-43,"carbonita-mg",2018-10-01,129.4
"495",-17.53,-43,"carbonita-mg",2018-11-01,78.5
"496",-17.53,-43,"carbonita-mg",2018-12-01,300.9
"497",-17.35,-44.91,"pirapora-mg",2018-01-01,58.2
"498",-17.35,-44.91,"pirapora-mg",2018-02-01,169
"499",-17.35,-44.91,"pirapora-mg",2019-02-01,125.4
"500",-17.35,-44.91,"pirapora-mg",2019-03-01,105.8
"501",-17.35,-44.91,"pirapora-mg",2018-06-01,0
"502",-17.35,-44.91,"pirapora-mg",2018-07-01,0
"503",-17.35,-44.91,"pirapora-mg",2018-08-01,9.2
"504",-17.35,-44.91,"pirapora-mg",2018-09-01,2.4
"505",-17.35,-44.91,"pirapora-mg",2018-10-01,100.9
"506",-17.35,-44.91,"pirapora-mg",2018-11-01,290.1
"507",-17.35,-44.91,"pirapora-mg",2018-12-01,337.1
"508",-17.24,-46.88,"paracatu-mg",2018-01-01,228.7
"509",-17.24,-46.88,"paracatu-mg",2019-01-01,21.2
"510",-17.24,-46.88,"paracatu-mg",2018-02-01,337.2
"511",-17.24,-46.88,"paracatu-mg",2019-02-01,296.7
"512",-17.24,-46.88,"paracatu-mg",2018-03-01,115.2
"513",-17.24,-46.88,"paracatu-mg",2019-03-01,142.2
"514",-17.24,-46.88,"paracatu-mg",2018-04-01,69.3
"515",-17.24,-46.88,"paracatu-mg",2018-05-01,8
"516",-17.24,-46.88,"paracatu-mg",2018-06-01,0
"517",-17.24,-46.88,"paracatu-mg",2018-07-01,0
"518",-17.24,-46.88,"paracatu-mg",2018-08-01,4.5
"519",-17.24,-46.88,"paracatu-mg",2018-09-01,40.4
"520",-17.24,-46.88,"paracatu-mg",2018-10-01,109
"521",-17.24,-46.88,"paracatu-mg",2018-11-01,427.8
"522",-17.24,-46.88,"paracatu-mg",2018-12-01,192
"523",-16.83,-42.05,"aracuai-mg",2018-01-01,23.8
"524",-16.83,-42.05,"aracuai-mg",2019-01-01,17
"525",-16.83,-42.05,"aracuai-mg",2018-02-01,283.7
"526",-16.83,-42.05,"aracuai-mg",2019-02-01,119.5
"527",-16.83,-42.05,"aracuai-mg",2018-03-01,113.8
"528",-16.83,-42.05,"aracuai-mg",2019-03-01,38.8
"529",-16.83,-42.05,"aracuai-mg",2018-04-01,15.6
"530",-16.83,-42.05,"aracuai-mg",2018-05-01,10.9
"531",-16.83,-42.05,"aracuai-mg",2018-06-01,0.3
"532",-16.83,-42.05,"aracuai-mg",2018-07-01,1.1
"533",-16.83,-42.05,"aracuai-mg",2018-08-01,0
"534",-16.83,-42.05,"aracuai-mg",2018-09-01,4.8
"535",-16.83,-42.05,"aracuai-mg",2018-10-01,97.2
"536",-16.83,-42.05,"aracuai-mg",2018-11-01,107.5
"537",-16.83,-42.05,"aracuai-mg",2018-12-01,108.2
"538",-16.77,-43.66,"juramento-mg",2018-01-01,62.6
"539",-16.77,-43.66,"juramento-mg",2019-01-01,0
"540",-16.77,-43.66,"juramento-mg",2018-02-01,282.2
"541",-16.77,-43.66,"juramento-mg",2019-02-01,163.7
"542",-16.77,-43.66,"juramento-mg",2018-03-01,65.2
"543",-16.77,-43.66,"juramento-mg",2019-03-01,119
"544",-16.77,-43.66,"juramento-mg",2018-04-01,35.7
"545",-16.77,-43.66,"juramento-mg",2018-05-01,12.1
"546",-16.77,-43.66,"juramento-mg",2018-06-01,0
"547",-16.77,-43.66,"juramento-mg",2018-07-01,0
"548",-16.77,-43.66,"juramento-mg",2018-08-01,0.8
"549",-16.77,-43.66,"juramento-mg",2018-09-01,5.9
"550",-16.77,-43.66,"juramento-mg",2018-10-01,187.6
"551",-16.77,-43.66,"juramento-mg",2018-11-01,151.6
"552",-16.77,-43.66,"juramento-mg",2018-12-01,256.1
"553",-16.68,-43.84,"montes_claros-mg",2018-01-01,0
"554",-16.68,-43.84,"montes_claros-mg",2019-01-01,0
"555",-16.68,-43.84,"montes_claros-mg",2018-02-01,333.9
"556",-16.68,-43.84,"montes_claros-mg",2019-02-01,92.7
"557",-16.68,-43.84,"montes_claros-mg",2018-03-01,104.1
"558",-16.68,-43.84,"montes_claros-mg",2019-03-01,200.8
"559",-16.68,-43.84,"montes_claros-mg",2018-04-01,41.6
"560",-16.68,-43.84,"montes_claros-mg",2018-05-01,12.6
"561",-16.68,-43.84,"montes_claros-mg",2018-06-01,0
"562",-16.68,-43.84,"montes_claros-mg",2018-07-01,0
"563",-16.68,-43.84,"montes_claros-mg",2018-08-01,1.7
"564",-16.68,-43.84,"montes_claros-mg",2018-09-01,0.8
"565",-16.68,-43.84,"montes_claros-mg",2018-10-01,112.9
"566",-16.68,-43.84,"montes_claros-mg",2018-11-01,130.2
"567",-16.68,-43.84,"montes_claros-mg",2018-12-01,183.6
"568",-16.36,-46.88,"unai-mg",2018-01-01,128.5
"569",-16.36,-46.88,"unai-mg",2019-01-01,54.6
"570",-16.36,-46.88,"unai-mg",2018-02-01,179.2
"571",-16.36,-46.88,"unai-mg",2019-02-01,110.4
"572",-16.36,-46.88,"unai-mg",2018-03-01,64.2
"573",-16.36,-46.88,"unai-mg",2019-03-01,228.8
"574",-16.36,-46.88,"unai-mg",2018-04-01,151.7
"575",-16.36,-46.88,"unai-mg",2018-05-01,13
"576",-16.36,-46.88,"unai-mg",2018-06-01,0
"577",-16.36,-46.88,"unai-mg",2018-07-01,0
"578",-16.36,-46.88,"unai-mg",2018-08-01,8.6
"579",-16.36,-46.88,"unai-mg",2018-09-01,33.3
"580",-16.36,-46.88,"unai-mg",2018-10-01,138.8
"581",-16.36,-46.88,"unai-mg",2018-11-01,439.7
"582",-16.36,-46.88,"unai-mg",2018-12-01,313.2
"583",-16.15,-42.28,"salinas-mg",2018-01-01,137.1
"584",-16.15,-42.28,"salinas-mg",2019-01-01,12.3
"585",-16.15,-42.28,"salinas-mg",2018-02-01,311.7
"586",-16.15,-42.28,"salinas-mg",2019-02-01,78.1
"587",-16.15,-42.28,"salinas-mg",2018-03-01,70.4
"588",-16.15,-42.28,"salinas-mg",2019-03-01,124.9
"589",-16.15,-42.28,"salinas-mg",2018-04-01,7.6
"590",-16.15,-42.28,"salinas-mg",2018-05-01,21
"591",-16.15,-42.28,"salinas-mg",2018-06-01,7
"592",-16.15,-42.28,"salinas-mg",2018-07-01,0.7
"593",-16.15,-42.28,"salinas-mg",2018-08-01,6.5
"594",-16.15,-42.28,"salinas-mg",2018-09-01,6.5
"595",-16.15,-42.28,"salinas-mg",2018-10-01,104
"596",-16.15,-42.28,"salinas-mg",2018-11-01,159.7
"597",-16.15,-42.28,"salinas-mg",2018-12-01,216.8
"598",-16,-41.28,"pedra_azul-mg",2018-01-01,23.9
"599",-16,-41.28,"pedra_azul-mg",2019-01-01,0.3
"600",-16,-41.28,"pedra_azul-mg",2018-02-01,155
"601",-16,-41.28,"pedra_azul-mg",2019-02-01,109.5
"602",-16,-41.28,"pedra_azul-mg",2018-03-01,64.4
"603",-16,-41.28,"pedra_azul-mg",2019-03-01,79.3
"604",-16,-41.28,"pedra_azul-mg",2018-04-01,17.2
"605",-16,-41.28,"pedra_azul-mg",2018-05-01,25.1
"606",-16,-41.28,"pedra_azul-mg",2018-06-01,35.3
"607",-16,-41.28,"pedra_azul-mg",2018-07-01,5.8
"608",-16,-41.28,"pedra_azul-mg",2018-08-01,9.1
"609",-16,-41.28,"pedra_azul-mg",2018-09-01,0
"610",-16,-41.28,"pedra_azul-mg",2018-10-01,60.9
"611",-16,-41.28,"pedra_azul-mg",2018-11-01,210
"612",-16,-41.28,"pedra_azul-mg",2018-12-01,260.9
"613",-15.91,-46.1,"arinos-mg",2018-01-01,67.3
"614",-15.91,-46.1,"arinos-mg",2019-01-01,47.7
"615",-15.91,-46.1,"arinos-mg",2018-02-01,165.7
"616",-15.91,-46.1,"arinos-mg",2019-02-01,220.9
"617",-15.91,-46.1,"arinos-mg",2018-03-01,175.9
"618",-15.91,-46.1,"arinos-mg",2019-03-01,214.3
"619",-15.91,-46.1,"arinos-mg",2018-04-01,42
"620",-15.91,-46.1,"arinos-mg",2018-05-01,6.9
"621",-15.91,-46.1,"arinos-mg",2018-06-01,0
"622",-15.91,-46.1,"arinos-mg",2018-07-01,0
"623",-15.91,-46.1,"arinos-mg",2018-08-01,7.6
"624",-15.91,-46.1,"arinos-mg",2018-09-01,6.1
"625",-15.91,-46.1,"arinos-mg",2018-10-01,42.2
"626",-15.91,-46.1,"arinos-mg",2018-11-01,200.7
"627",-15.91,-46.1,"arinos-mg",2018-12-01,163.6
"628",-15.45,-44,"januaria-mg",2018-01-01,60.4
"629",-15.45,-44,"januaria-mg",2019-01-01,56.3
"630",-15.45,-44,"januaria-mg",2018-02-01,362.5
"631",-15.45,-44,"januaria-mg",2019-02-01,106.5
"632",-15.45,-44,"januaria-mg",2018-03-01,128.7
"633",-15.45,-44,"januaria-mg",2019-03-01,173.8
"634",-15.45,-44,"januaria-mg",2018-04-01,10.9
"635",-15.45,-44,"januaria-mg",2018-05-01,0
"636",-15.45,-44,"januaria-mg",2018-06-01,0
"637",-15.45,-44,"januaria-mg",2018-07-01,0
"638",-15.45,-44,"januaria-mg",2018-08-01,0.3
"639",-15.45,-44,"januaria-mg",2018-09-01,10.5
"640",-15.45,-44,"januaria-mg",2018-10-01,32
"641",-15.45,-44,"januaria-mg",2018-11-01,136.3
"642",-15.45,-44,"januaria-mg",2018-12-01,134.3
"643",-14.93,-46.25,"formoso-mg",2018-01-01,174.5
"644",-14.93,-46.25,"formoso-mg",2018-02-01,447.9
"645",-14.93,-46.25,"formoso-mg",2019-02-01,156.4
"646",-14.93,-46.25,"formoso-mg",2018-03-01,144.7
"647",-14.93,-46.25,"formoso-mg",2019-03-01,283.3
"648",-14.93,-46.25,"formoso-mg",2018-04-01,115.3
"649",-14.93,-46.25,"formoso-mg",2018-05-01,11.4
"650",-14.93,-46.25,"formoso-mg",2018-06-01,0
"651",-14.93,-46.25,"formoso-mg",2018-07-01,0
"652",-14.93,-46.25,"formoso-mg",2018-08-01,25.7
"653",-14.93,-46.25,"formoso-mg",2018-10-01,109.8
"654",-14.93,-46.25,"formoso-mg",2018-11-01,187.4
"655",-14.93,-46.25,"formoso-mg",2018-12-01,86.4
"656",-14.91,-42.8,"espinosa-mg",2018-01-01,37.6
"657",-14.91,-42.8,"espinosa-mg",2019-01-01,6.6
"658",-14.91,-42.8,"espinosa-mg",2018-02-01,57.5
"659",-14.91,-42.8,"espinosa-mg",2019-02-01,65.9
"660",-14.91,-42.8,"espinosa-mg",2018-03-01,80.6
"661",-14.91,-42.8,"espinosa-mg",2019-03-01,0
"662",-14.91,-42.8,"espinosa-mg",2018-04-01,2
"663",-14.91,-42.8,"espinosa-mg",2018-05-01,1
"664",-14.91,-42.8,"espinosa-mg",2018-06-01,0
"665",-14.91,-42.8,"espinosa-mg",2018-07-01,0
"666",-14.91,-42.8,"espinosa-mg",2018-08-01,0.6
"667",-14.91,-42.8,"espinosa-mg",2018-09-01,0
"668",-14.91,-42.8,"espinosa-mg",2018-10-01,77
"669",-14.91,-42.8,"espinosa-mg",2018-11-01,120.6
"670",-14.91,-42.8,"espinosa-mg",2018-12-01,278.6
